{"metric": 42.95204349446484, "_timestamp": 1671185271.564958, "_runtime": 1.4809210300445557, "_step": 99, "_wandb": {"runtime": 0}}