{"metric": 103, "_timestamp": 1671185084.0345814, "_runtime": 1.5707623958587646, "_step": 99, "_wandb": {"runtime": 0}}