{"metric": 108, "_timestamp": 1671185108.4059868, "_runtime": 1.4437308311462402, "_step": 99, "_wandb": {"runtime": 0}}