{"metric": 99, "_timestamp": 1671185064.6933064, "_runtime": 0.5930483341217041, "_step": 99, "_wandb": {"runtime": 0}}