{"metric": 106, "_timestamp": 1671185098.7708316, "_runtime": 1.4446415901184082, "_step": 99, "_wandb": {"runtime": 0}}