{"metric": 100, "_timestamp": 1671185069.4218545, "_runtime": 1.4574074745178223, "_step": 99, "_wandb": {"runtime": 0}}