{"metric": 66.9275436140563, "_timestamp": 1671185290.8867724, "_runtime": 1.504868507385254, "_step": 99, "_wandb": {"runtime": 0}}