{"metric": 102, "_timestamp": 1671184877.0404882, "_runtime": 1.4390223026275635, "_step": 99, "_wandb": {"runtime": 0}}