{"metric": 105, "_timestamp": 1671185093.9073753, "_runtime": 1.467515230178833, "_step": 99, "_wandb": {"runtime": 0}}