{"metric": 103.27067230913752, "_timestamp": 1671185300.4910367, "_runtime": 1.435908555984497, "_step": 99, "_wandb": {"runtime": 0}}