{"metric": 105, "_timestamp": 1671184891.693378, "_runtime": 1.4657049179077148, "_step": 99, "_wandb": {"runtime": 0}}