{"metric": 107, "_timestamp": 1671184901.4445488, "_runtime": 1.5254137516021729, "_step": 99, "_wandb": {"runtime": 0}}