{"metric": 102, "_timestamp": 1671185079.218157, "_runtime": 1.5666000843048096, "_step": 99, "_wandb": {"runtime": 0}}