{"metric": 103, "_timestamp": 1671184881.9346209, "_runtime": 1.441938877105713, "_step": 99, "_wandb": {"runtime": 0}}