{"metric": 100, "_timestamp": 1671184867.2425754, "_runtime": 1.4718284606933594, "_step": 99, "_wandb": {"runtime": 0}}