{"metric": 75.38842416728636, "_timestamp": 1671185266.6767929, "_runtime": 1.7531077861785889, "_step": 99, "_wandb": {"runtime": 0}}