{"metric": 91.33290941647299, "_timestamp": 1671185286.066656, "_runtime": 1.5027351379394531, "_step": 99, "_wandb": {"runtime": 0}}