{"metric": 49.91841963985076, "_timestamp": 1671185276.3788695, "_runtime": 1.4648334980010986, "_step": 99, "_wandb": {"runtime": 0}}