{"metric": 96.47195129757979, "_timestamp": 1671185305.4679208, "_runtime": 1.6049108505249023, "_step": 99, "_wandb": {"runtime": 0}}