{"metric": 104, "_timestamp": 1671185089.1405544, "_runtime": 1.5353424549102783, "_step": 99, "_wandb": {"runtime": 0}}