{"metric": 104, "_timestamp": 1671184886.7623744, "_runtime": 1.445744514465332, "_step": 99, "_wandb": {"runtime": 0}}