{"metric": 99, "_timestamp": 1671184862.1258018, "_runtime": 0.5810546875, "_step": 99, "_wandb": {"runtime": 0}}