{"metric": 69.72193263016051, "_timestamp": 1671185261.5741603, "_runtime": 0.6758573055267334, "_step": 99, "_wandb": {"runtime": 0}}