{"metric": 106, "_timestamp": 1671184896.5800738, "_runtime": 1.4739148616790771, "_step": 99, "_wandb": {"runtime": 0}}