{"metric": 101, "_timestamp": 1671185074.420543, "_runtime": 1.6138858795166016, "_step": 99, "_wandb": {"runtime": 0}}