{"metric": 23.406979519292353, "_timestamp": 1671185295.6701534, "_runtime": 1.4397594928741455, "_step": 99, "_wandb": {"runtime": 0}}