{"metric": 101, "_timestamp": 1671184872.0812268, "_runtime": 1.4810197353363037, "_step": 99, "_wandb": {"runtime": 0}}