{"metric": 108, "_timestamp": 1671184907.0514805, "_runtime": 1.5258045196533203, "_step": 99, "_wandb": {"runtime": 0}}