{"metric": 92.5838461242379, "_timestamp": 1671185281.293678, "_runtime": 1.575355052947998, "_step": 99, "_wandb": {"runtime": 0}}