{"metric": 107, "_timestamp": 1671185103.6018555, "_runtime": 1.45906662940979, "_step": 99, "_wandb": {"runtime": 0}}